r (Ang), PDF (RMC), PDF (Expt)
   2.0000000000000000E-002  ,  -0.39146000000000003       ,  -0.39145999999999997     
   4.0000000000000001E-002  ,  -0.39146000000000003       ,  -0.39145999999999997     
   5.9999999999999998E-002  ,  -0.39146000000000003       ,  -0.39145999999999997     
   8.0000000000000002E-002  ,  -0.39146000000000003       ,  -0.39145999999999997     
  0.10000000000000001       ,  -0.39146000000000003       ,  -0.39145999999999997     
  0.12000000000000000       ,  -0.39146000000000003       ,  -0.39145999999999997     
  0.14000000000000001       ,  -0.39146000000000003       ,  -0.39145999999999997     
  0.16000000000000000       ,  -0.39146000000000003       ,  -0.39145999999999997     
  0.17999999999999999       ,  -0.39146000000000003       ,  -0.39145999999999997     
  0.20000000000000001       ,  -0.39146000000000003       ,  -0.39145999999999997     
  0.22000000000000000       ,  -0.39146000000000003       ,  -0.39145999999999997     
  0.23999999999999999       ,  -0.39146000000000003       ,  -0.39145999999999997     
  0.26000000000000001       ,  -0.39146000000000003       ,  -0.39145999999999997     
  0.28000000000000003       ,  -0.39146000000000003       ,  -0.39145999999999997     
  0.29999999999999999       ,  -0.39146000000000003       ,  -0.39145999999999997     
  0.32000000000000001       ,  -0.39146000000000003       ,  -0.39145999999999997     
  0.34000000000000002       ,  -0.39146000000000003       ,  -0.39145999999999997     
  0.35999999999999999       ,  -0.39146000000000003       ,  -0.39145999999999997     
  0.38000000000000000       ,  -0.39146000000000003       ,  -0.39145999999999997     
  0.40000000000000002       ,  -0.39146000000000003       ,  -0.39145999999999997     
  0.41999999999999998       ,  -0.39146000000000003       ,  -0.39145999999999997     
  0.44000000000000000       ,  -0.39146000000000003       ,  -0.39145999999999997     
  0.46000000000000002       ,  -0.39146000000000003       ,  -0.39145999999999997     
  0.47999999999999998       ,  -0.39146000000000003       ,  -0.39145999999999997     
  0.50000000000000000       ,  -0.39146000000000003       ,  -0.39145999999999997     
  0.52000000000000002       ,  -0.39146000000000003       ,  -0.39145999999999997     
  0.54000000000000004       ,  -0.39146000000000003       ,  -0.39145999999999997     
  0.56000000000000005       ,  -0.39146000000000003       ,  -0.39145999999999997     
  0.57999999999999996       ,  -0.39146000000000003       ,  -0.39145999999999997     
  0.59999999999999998       ,  -0.39146000000000003       ,  -0.39145999999999997     
  0.62000000000000000       ,  -0.39146000000000003       ,  -0.39145999999999997     
  0.64000000000000001       ,  -0.39146000000000003       ,  -0.39145999999999997     
  0.66000000000000003       ,  -0.39146000000000003       ,  -0.39145999999999997     
  0.68000000000000005       ,  -0.39146000000000003       ,  -0.39145999999999997     
  0.70000000000000007       ,  -0.39146000000000003       ,  -0.39145999999999997     
  0.71999999999999997       ,  -0.39146000000000003       ,  -0.39145999999999997     
  0.73999999999999999       ,  -0.39146000000000003       ,  -0.39145999999999997     
  0.76000000000000001       ,  -0.39146000000000003       ,  -0.39145999999999997     
  0.78000000000000003       ,  -0.39146000000000003       ,  -0.39145999999999997     
  0.80000000000000004       ,  -0.39146000000000003       ,  -0.39145999999999997     
  0.82000000000000006       ,  -0.39146000000000003       ,  -0.39145999999999997     
  0.83999999999999997       ,  -0.39146000000000003       ,  -0.39145999999999997     
  0.85999999999999999       ,  -0.39146000000000003       ,  -0.39145999999999997     
  0.88000000000000000       ,  -0.39146000000000003       ,  -0.39145999999999997     
  0.90000000000000002       ,  -0.39146000000000003       ,  -0.39145999999999997     
  0.92000000000000004       ,  -0.39146000000000003       ,  -0.39145999999999997     
  0.94000000000000006       ,  -0.39146000000000003       ,  -0.39145999999999997     
  0.95999999999999996       ,  -0.39146000000000003       ,  -0.39145999999999997     
  0.97999999999999998       ,  -0.39146000000000003       ,  -0.39145999999999997     
   1.0000000000000000       ,  -0.39146000000000003       ,  -0.39145999999999997     
   1.0200000000000000       ,  -0.39146000000000003       ,  -0.37545055049158799     
   1.0400000000000000       ,  -0.39146000000000003       ,  -0.38571887477727756     
   1.0600000000000001       ,  -0.39146000000000003       ,  -0.39759517645990972     
   1.0800000000000001       ,  -0.39146000000000003       ,  -0.40693067170701935     
   1.1000000000000001       ,  -0.39146000000000003       ,  -0.41052262973922549     
   1.1200000000000001       ,  -0.39146000000000003       ,  -0.40720568616546315     
   1.1400000000000001       ,  -0.39146000000000003       ,  -0.39822732939197825     
   1.1599999999999999       ,  -0.39146000000000003       ,  -0.38678737983858497     
   1.1799999999999999       ,  -0.39146000000000003       ,  -0.37690861148121946     
   1.2000000000000000       ,  -0.39146000000000003       ,  -0.37203325438111556     
   1.2200000000000000       ,  -0.39146000000000003       ,  -0.37383106200091082     
   1.2400000000000000       ,  -0.39146000000000003       ,  -0.38162888977695131     
   1.2600000000000000       ,  -0.39146000000000003       ,  -0.39265600932604422     
   1.2800000000000000       ,  -0.39146000000000003       ,  -0.40301782032870515     
   1.3000000000000000       ,  -0.39146000000000003       ,  -0.40905955875257133     
   1.3200000000000001       ,  -0.39146000000000003       ,  -0.40864688476303396     
   1.3400000000000001       ,  -0.39146000000000003       ,  -0.40191810925609311     
   1.3600000000000001       ,  -0.39146000000000003       ,  -0.39124416945977436     
   1.3800000000000001       ,  -0.39146000000000003       ,  -0.38040575126366383     
   1.4000000000000001       ,  -0.39146000000000003       ,  -0.37326889245940092     
   1.4199999999999999       ,  -0.39146000000000003       ,  -0.37241748579150386     
   1.4399999999999999       ,  -0.39146000000000003       ,  -0.37822143584280959     
   1.4600000000000000       ,  -0.39146000000000003       ,  -0.38867389696941396     
   1.4800000000000000       ,  -0.39146000000000003       ,  -0.40006775314122855     
   1.5000000000000000       ,  -0.39146000000000003       ,  -0.40828915877761918     
   1.5200000000000000       ,  -0.39146000000000003       ,  -0.41028491006870477     
   1.5400000000000000       ,  -0.39146000000000003       ,  -0.40518854149592448     
   1.5600000000000001       ,  -0.39146000000000003       ,  -0.39469577832738434     
   1.5800000000000001       ,  -0.39146000000000003       ,  -0.38253156124088378     
   1.6000000000000001       ,  -0.39146000000000003       ,  -0.37316569920350307     
   1.6200000000000001       ,  -0.39146000000000003       ,  -0.37020560425430171     
   1.6400000000000001       ,  -0.39146000000000003       ,  -0.37502722476303790     
   1.6600000000000001       ,  -0.39146000000000003       ,  -0.38614794139260045     
   1.6799999999999999       ,  -0.39146000000000003       ,  -0.39960930804072564     
   1.7000000000000000       ,  -0.39146000000000003       ,  -0.41029567106297271     
   1.7200000000000000       ,  -0.39146000000000003       ,  -0.41377841160789347     
   1.7400000000000000       ,  -0.39146000000000003       ,  -0.40805954417525103     
   1.7600000000000000       ,  -0.39146000000000003       ,  -0.39457254683603832     
   1.7800000000000000       ,  -0.39146000000000003       ,  -0.37799978240374621     
   1.8000000000000000       ,  -0.39146000000000003       ,  -0.36483092882099211     
   1.8200000000000001       ,  -0.39146000000000003       ,  -0.36100534161346376     
   1.8400000000000001       ,  -0.39146000000000003       ,  -0.36932011263352216     
   1.8600000000000001       ,  -0.32233826006387833       ,  -0.38743062559182434     
   1.8800000000000001       ,  -0.32380109884441516       ,  -0.40716374404801531     
   1.9000000000000001       ,  -0.39146000000000003       ,  -0.41552432061343947     
   1.9199999999999999       ,  -0.35902541432898050       ,  -0.39729609989055326     
   1.9399999999999999       ,  -0.32792143118590966       ,  -0.33865819545079862     
   1.9600000000000000       ,  -0.11134179335147754       ,  -0.23090339959394815     
   1.9800000000000000       ,   -5.5974811591697496E-002  ,   -7.3260606051530744E-002
   2.0000000000000000       ,    8.6807765517295771E-002  ,   0.12597616105428200     
   2.0200000000000000       ,   0.34110887199788065       ,   0.35037636841238579     
   2.0400000000000000       ,   0.58539441233740064       ,   0.57817874244998468     
   2.0600000000000001       ,   0.70739779631830768       ,   0.78629359405640453     
   2.0800000000000001       ,   0.96273374328845240       ,   0.95450987943503585     
   2.1000000000000001       ,    1.0455134246536182       ,    1.0688817163989504     
   2.1200000000000001       ,    1.0185288087864124       ,    1.1235203206462778     
   2.1400000000000001       ,    1.0706231031191982       ,    1.1204764047043847     
   2.1600000000000001       ,    1.1205551594552274       ,    1.0679278562492203     
   2.1800000000000002       ,   0.94198336624114187       ,   0.97733227117288490     
   2.2000000000000002       ,   0.91784930954399990       ,   0.86043638063009353     
   2.2200000000000002       ,   0.72453868871982907       ,   0.72699364356000873     
   2.2400000000000002       ,   0.56172194716368606       ,   0.58374996477157293     
   2.2600000000000002       ,   0.40446829376888260       ,   0.43481350648995798     
   2.2800000000000002       ,   0.27556215321498667       ,   0.28306961207782350     
   2.3000000000000003       ,   0.12839732327865896       ,   0.13197725327220136     
   2.3199999999999998       ,   -3.6028379048875001E-002  ,   -1.3013439790592385E-002
   2.3399999999999999       ,  -0.10758723197623522       ,  -0.14402781683512142     
   2.3599999999999999       ,  -0.12050375680313580       ,  -0.25157055566020009     
   2.3799999999999999       ,  -0.23058120039106267       ,  -0.32638638743918624     
   2.3999999999999999       ,  -0.25400952852801501       ,  -0.36182244488451704     
   2.4199999999999999       ,  -0.19115869416730805       ,  -0.35593998384654324     
   2.4399999999999999       ,  -0.20203029984665843       ,  -0.31266646188995306     
   2.4600000000000000       ,  -0.29534729893436218       ,  -0.24154881234815143     
   2.4800000000000000       ,  -0.21808394842692175       ,  -0.15608083652006613     
   2.5000000000000000       ,  -0.20533656849013623       ,   -7.1003832063837577E-002
   2.5200000000000000       ,    2.0696868276415037E-002  ,    7.1167106833332314E-004
   2.5400000000000000       ,    1.4231796113359785E-002  ,    5.0398054635675545E-002
   2.5600000000000001       ,    5.2292950418482309E-002  ,    7.5074214582195209E-002
   2.5800000000000001       ,    8.9129736303777074E-002  ,    7.7354796626964040E-002
   2.6000000000000001       ,    5.3084247594710920E-002  ,    6.3985439064858457E-002
   2.6200000000000001       ,   0.17342161249097138       ,    4.3490198007015736E-002
   2.6400000000000001       ,   -1.5920199025560133E-002  ,    2.3647561446071948E-002
   2.6600000000000001       ,   -6.2647695503997652E-002  ,    9.5209066985300038E-003
   2.6800000000000002       ,   -2.7046632914821511E-002  ,    2.5617011206703517E-003
   2.7000000000000002       ,    3.4062572297714921E-002  ,    9.4929840830324549E-004
   2.7200000000000002       ,    1.6224265895365131E-003  ,    9.4315876357180055E-004
   2.7400000000000002       ,    2.1729296600715597E-002  ,   -1.2777666093692960E-003
   2.7600000000000002       ,   -9.6886544428611276E-003  ,   -7.9376530021254919E-003
   2.7800000000000002       ,    9.9245500557791355E-003  ,   -1.8711590276737508E-002
   2.8000000000000003       ,   -5.7612603747668356E-002  ,   -3.0799390307046697E-002
   2.8199999999999998       ,   -5.0141260773129248E-002  ,   -3.9975477492391810E-002
   2.8399999999999999       ,   -3.0893878600864511E-002  ,   -4.2239137566185053E-002
   2.8599999999999999       ,   -3.5919108481523604E-002  ,   -3.5491641810678411E-002
   2.8799999999999999       ,   -5.7780116314550545E-003  ,   -2.0657621232201242E-002
   2.8999999999999999       ,   -4.5659452920014609E-002  ,   -1.8475606165967453E-003
   2.9199999999999999       ,    4.0574406140308938E-002  ,    1.4532973985626290E-002
   2.9399999999999999       ,   -3.2574608115867293E-002  ,    2.1482905612827456E-002
   2.9600000000000000       ,   -1.5279758342859551E-002  ,    1.3407782267095915E-002
   2.9800000000000000       ,   -5.3060530167615777E-002  ,   -1.2184751075694082E-002
   3.0000000000000000       ,   -6.8328515935765471E-002  ,   -5.3818481862497033E-002
   3.0200000000000000       ,   -8.3223075214994030E-002  ,  -0.10628500286025003     
   3.0400000000000000       ,   -4.5307601932882968E-002  ,  -0.16192463494657408     
   3.0600000000000001       ,  -0.15334564647115495       ,  -0.21258055751338753     
   3.0800000000000001       ,  -0.18708433878362571       ,  -0.25165626261209484     
   3.1000000000000001       ,  -0.26032440331751006       ,  -0.27568135602730159     
   3.1200000000000001       ,  -0.38150155651029993       ,  -0.28494419896854611     
   3.1400000000000001       ,  -0.33246806735285800       ,  -0.28303273834996695     
   3.1600000000000001       ,  -0.34292036259380010       ,  -0.27544977993474629     
   3.1800000000000002       ,  -0.29519028500762023       ,  -0.26773781333061647     
   3.2000000000000002       ,  -0.31038869313577899       ,  -0.26368236798609734     
   3.2200000000000002       ,  -0.28334411967453038       ,  -0.26412529646133315     
   3.2400000000000002       ,  -0.26620587231365339       ,  -0.26672608978219975     
   3.2600000000000002       ,  -0.23484292925016692       ,  -0.26672195513817726     
   3.2800000000000002       ,  -0.30058765112488300       ,  -0.25844348406457601     
   3.3000000000000003       ,  -0.26570038892715858       ,  -0.23712875490031743     
   3.3200000000000003       ,  -0.17393072950477811       ,  -0.20050430212433415     
   3.3399999999999999       ,  -0.13234006645127205       ,  -0.14968279973981835     
   3.3599999999999999       ,    5.4354497157501208E-003  ,   -8.9134481622088549E-002
   3.3799999999999999       ,   -9.7136118912897196E-003  ,   -2.5756926083593295E-002
   3.3999999999999999       ,    2.2378997759472052E-002  ,    3.2683716060768545E-002
   3.4199999999999999       ,   0.15747299030958478       ,    7.9307343080194770E-002
   3.4399999999999999       ,    7.8151204638285371E-002  ,   0.10960677465472114     
   3.4600000000000000       ,   0.15749275619501613       ,   0.12230145686487694     
   3.4800000000000000       ,    4.2382303617619244E-002  ,   0.11938318017787647     
   3.5000000000000000       ,    8.2883586762854636E-002  ,   0.10540176387699247     
   3.5200000000000000       ,    9.1971923791469623E-002  ,    8.6229222613704151E-002
   3.5400000000000000       ,   0.11830918750839582       ,    6.7649910844153324E-002
   3.5600000000000001       ,    2.4569673666642616E-002  ,    5.4130243188530644E-002
   3.5800000000000001       ,   -8.2853143920616039E-003  ,    4.8035051760586721E-002
   3.6000000000000001       ,   0.13455848794494904       ,    4.9413837798602568E-002
   3.6200000000000001       ,   0.11080613093976248       ,    5.6326208010405179E-002
   3.6400000000000001       ,    6.9378829396163411E-002  ,    6.5554927617986314E-002
   3.6600000000000001       ,    4.0169287140078759E-002  ,    7.3494124938323996E-002
   3.6800000000000002       ,    7.6294275199918993E-002  ,    7.7003812089601414E-002
   3.7000000000000002       ,    2.2566040074424018E-002  ,    7.4074396751352259E-002
   3.7200000000000002       ,    7.8199761081785987E-002  ,    6.4218890351319488E-002
   3.7400000000000002       ,    7.9283872030875099E-002  ,    4.8578348434583002E-002
   3.7600000000000002       ,   -4.6088313863345352E-002  ,    2.9769578897631589E-002
   3.7800000000000002       ,    3.1150119904728046E-002  ,    1.1519883147783971E-002
   3.8000000000000003       ,    2.2555417670687286E-004  ,   -1.8684115208367181E-003
   3.8200000000000003       ,    6.5234329698407173E-003  ,   -6.1837048990857919E-003
   3.8399999999999999       ,    1.0933155126825796E-002  ,    1.9497903204215030E-003
   3.8599999999999999       ,    1.8267760392462699E-002  ,    2.4328119018883439E-002
   3.8799999999999999       ,    6.1103969332127521E-002  ,    6.0544568396658310E-002
   3.8999999999999999       ,    9.2035002580329400E-002  ,   0.10763670618915777     
   3.9199999999999999       ,   0.15783056503293433       ,   0.16014936815398315     
   3.9399999999999999       ,   0.20873570926261500       ,   0.21070783978423632     
   3.9600000000000000       ,   0.20422346222199567       ,   0.25109516588794145     
   3.9800000000000000       ,   0.23061211987128616       ,   0.27369740644803814     
   4.0000000000000000       ,   0.32070537725394233       ,   0.27305541205822076     
   4.0200000000000005       ,   0.23815918587625845       ,   0.24718214332244923     
   4.0400000000000000       ,   0.23528936511909848       ,   0.19830446616488698     
   4.0600000000000005       ,   0.11572788983401811       ,   0.13278192789653825     
   4.0800000000000001       ,    7.9887426744082474E-002  ,    6.0129517850404920E-002
   4.0999999999999996       ,   -1.5955539147664219E-003  ,   -8.7122005207193078E-003
   4.1200000000000001       ,   -3.7835326766830851E-002  ,   -6.3514103867429145E-002
   4.1399999999999997       ,  -0.11450136448557188       ,   -9.6827256867657432E-002
   4.1600000000000001       ,   -3.4402563958544199E-002  ,  -0.10549255684404829     
   4.1799999999999997       ,   -7.2999045000088580E-002  ,   -9.1212538071994656E-002
   4.2000000000000002       ,   -7.2709240508557121E-002  ,   -6.0024054258542868E-002
   4.2199999999999998       ,   -4.3784368364723693E-002  ,   -2.0780293208859778E-002
   4.2400000000000002       ,    1.5676643018879735E-002  ,    1.6997761713271053E-002
   4.2599999999999998       ,    7.3115586454078937E-002  ,    4.5375062148040178E-002
   4.2800000000000002       ,    5.0086736089280548E-002  ,    5.9804098316118617E-002
   4.2999999999999998       ,    1.6103409482716061E-002  ,    6.0029920763178299E-002
   4.3200000000000003       ,    7.7275298959643607E-002  ,    4.9883904801798204E-002
   4.3399999999999999       ,   -5.4335405894760463E-002  ,    3.6038008664224394E-002
   4.3600000000000003       ,    4.5022527359553227E-002  ,    2.6058106265021391E-002
   4.3799999999999999       ,   0.11438161655257480       ,    2.6271062113223401E-002
   4.4000000000000004       ,   -4.2601338123085572E-002  ,    3.9999245373588836E-002
   4.4199999999999999       ,    9.9417317258746446E-002  ,    6.6609411890227538E-002
   4.4400000000000004       ,   0.11685336163305862       ,   0.10160126695260854     
   4.4600000000000000       ,    8.1777425980555124E-002  ,   0.13768614851451660     
   4.4800000000000004       ,   0.15042209616982002       ,   0.16655284275519913     
   4.5000000000000000       ,   0.21844540861918244       ,   0.18085246706436847     
   4.5200000000000005       ,   0.14757552734533094       ,   0.17589845612773664     
   4.5400000000000000       ,   0.17466106926624675       ,   0.15067519964658069     
   4.5600000000000005       ,    7.1569717168497568E-002  ,   0.10794751365286323     
   4.5800000000000001       ,    3.8745577293951436E-002  ,    5.3504403209742604E-002
   4.6000000000000005       ,   -1.8498149308027578E-002  ,   -5.2128107590587048E-003
   4.6200000000000001       ,   -1.4757165653816084E-002  ,   -6.0712906865668603E-002
   4.6399999999999997       ,   -9.2649073338512605E-002  ,  -0.10688029512343621     
   4.6600000000000001       ,  -0.12678353290081543       ,  -0.13990441468085216     
   4.6799999999999997       ,  -0.16396705872954284       ,  -0.15855939319827864     
   4.7000000000000002       ,  -0.16921092712241553       ,  -0.16387076969523864     
   4.7199999999999998       ,  -0.13396023268733542       ,  -0.15836518249056997     
   4.7400000000000002       ,  -0.15083535564064982       ,  -0.14518377692411616     
   4.7599999999999998       ,  -0.13750389182995529       ,  -0.12733267849687263     
   4.7800000000000002       ,  -0.14112713282856931       ,  -0.10725496157121596     
   4.7999999999999998       ,   -4.1805873836333073E-002  ,   -8.6772745847484775E-002
   4.8200000000000003       ,   -2.1613881982166881E-002  ,   -6.7312045629346617E-002
   4.8399999999999999       ,   -7.4322464221227291E-002  ,   -5.0230591359121203E-002
   4.8600000000000003       ,   -7.9801341927055208E-002  ,   -3.7047594044283191E-002
   4.8799999999999999       ,   -9.6052545045477583E-002  ,   -2.9427746921577833E-002
   4.9000000000000004       ,   -7.4501976999043193E-002  ,   -2.8878761102268485E-002
   4.9199999999999999       ,   -7.3068917941594480E-002  ,   -3.6244557147503818E-002
   4.9400000000000004       ,    3.3819499004255349E-002  ,   -5.1172470964222505E-002
   4.9600000000000000       ,  -0.10035644079042301       ,   -7.1769053497919427E-002
   4.9800000000000004       ,   -5.2726407604897323E-002  ,   -9.4621313701462748E-002
   5.0000000000000000       ,  -0.10850877170720886       ,  -0.11525844426822983     
   5.0200000000000005       ,   -8.9146993655099871E-002  ,  -0.12899376690423253     
   5.0400000000000000       ,  -0.12325666244459751       ,  -0.13195968922486098     
   5.0600000000000005       ,   -6.8980734687387593E-002  ,  -0.12207012402130735     
   5.0800000000000001       ,   -7.9131616350124889E-002  ,   -9.9641366932709155E-002
   5.1000000000000005       ,    8.8561328691357313E-003  ,   -6.7478056769966044E-002
   5.1200000000000001       ,   -2.1632118927830929E-002  ,   -3.0366175120441968E-002
   5.1399999999999997       ,   -3.4612156810630852E-002  ,    5.9273284968688585E-003
   5.1600000000000001       ,    2.8515130470655889E-002  ,    3.5913320824606569E-002
   5.1799999999999997       ,    1.7023720786784005E-002  ,    5.5588300419488972E-002
   5.2000000000000002       ,   -2.3831653452403668E-002  ,    6.3290068543647854E-002
   5.2199999999999998       ,    5.3327657191696132E-002  ,    5.9989254813276688E-002
   5.2400000000000002       ,    6.4018947174433183E-002  ,    4.8950459592440307E-002
   5.2599999999999998       ,    3.6025209315621212E-002  ,    3.4859071102051081E-002
   5.2800000000000002       ,    4.8335544829923360E-002  ,    2.2644402443497771E-002
   5.2999999999999998       ,    1.1160617613632129E-002  ,    1.6300751348919718E-002
   5.3200000000000003       ,    1.8052030616146082E-002  ,    1.7997646079187482E-002
   5.3399999999999999       ,   -3.5562130307860776E-002  ,    2.7684049379826152E-002
   5.3600000000000003       ,    4.6258589710286159E-002  ,    4.3254600484580311E-002
   5.3799999999999999       ,    8.1792119110530664E-002  ,    6.1197995503642050E-002
   5.4000000000000004       ,    7.8451084480635896E-002  ,    7.7528912829765081E-002
   5.4199999999999999       ,    8.7392456377294203E-002  ,    8.8746283755414213E-002
   5.4400000000000004       ,    7.2242964831447126E-002  ,    9.2574924770444003E-002
   5.4600000000000000       ,    9.1067176172528394E-002  ,    8.8326384232198754E-002
   5.4800000000000004       ,    4.8202338017893420E-002  ,    7.6832375261096264E-002
   5.5000000000000000       ,    4.5346114826296503E-002  ,    6.0024860410112409E-002
   5.5200000000000005       ,    1.1389069748823324E-002  ,    4.0326245292773212E-002
   5.5400000000000000       ,    4.2182194095047969E-002  ,    2.0047676727413200E-002
   5.5600000000000005       ,    1.6593223310986265E-002  ,    9.6683627050395322E-004
   5.5800000000000001       ,    1.5890582181716354E-002  ,   -1.5819102015322273E-002
   5.6000000000000005       ,    1.1711227378354817E-002  ,   -2.9768535199658795E-002
   5.6200000000000001       ,   -4.2373668022047797E-002  ,   -4.0592051270946845E-002
   5.6399999999999997       ,   -6.3841416293374406E-002  ,   -4.7918371393489784E-002
   5.6600000000000001       ,   -5.8924557467175259E-002  ,   -5.1080053871462090E-002
   5.6799999999999997       ,   -4.6274306949432298E-002  ,   -4.9121485959012487E-002
   5.7000000000000002       ,   -1.2935287326528086E-002  ,   -4.1049770694890429E-002
   5.7199999999999998       ,   -3.9995822661247307E-002  ,   -2.6259906961307720E-002
   5.7400000000000002       ,    1.6182791256724883E-002  ,   -4.9976376139632380E-003
   5.7599999999999998       ,   -2.1476799810891522E-002  ,    2.1301960077966534E-002
   5.7800000000000002       ,    4.1255923886233295E-002  ,    4.9936453875481374E-002
   5.7999999999999998       ,    3.8242575894161732E-002  ,    7.7185795081421454E-002
   5.8200000000000003       ,   0.10300926188490854       ,    9.8864889647476556E-002
   5.8399999999999999       ,    8.8646839871370620E-002  ,   0.11106623015462069     
   5.8600000000000003       ,   0.12225539755207386       ,   0.11092199970636925     
   5.8799999999999999       ,    8.9530554090556450E-002  ,    9.7203898615458292E-002
   5.9000000000000004       ,    9.9075428141149807E-002  ,    7.0617214709327941E-002
   5.9199999999999999       ,    6.0194650555251833E-003  ,    3.3721786853113722E-002
   5.9400000000000004       ,    3.4925430576586695E-002  ,   -9.4956284377154705E-003
   5.9600000000000000       ,   -9.2627223676706380E-002  ,   -5.4291354458097338E-002
   5.9800000000000004       ,   -5.4837520664067427E-002  ,   -9.5921236577436134E-002
   6.0000000000000000       ,  -0.12161414810819074       ,  -0.13032162628654806     
   6.0200000000000005       ,  -0.16740859664178467       ,  -0.15458918226722315     
   6.0400000000000000       ,  -0.10665961453245945       ,  -0.16719846465630039     
   6.0600000000000005       ,  -0.12883151123164663       ,  -0.16796850053954299     
   6.0800000000000001       ,  -0.16400405244522928       ,  -0.15784755777185555     
   6.1000000000000005       ,  -0.17714809948358862       ,  -0.13861367174379319     
   6.1200000000000001       ,  -0.11852890816772757       ,  -0.11258194994284301     
   6.1400000000000006       ,   -8.2232056662632863E-002  ,   -8.2374798278974662E-002
   6.1600000000000001       ,   -1.8724351228791677E-002  ,   -5.0763291485498706E-002
   6.1799999999999997       ,   -7.1329458469002363E-002  ,   -2.0545692870666359E-002
   6.2000000000000002       ,    2.0492811685274732E-002  ,    5.5915864724654530E-003
   6.2199999999999998       ,    3.9762342253271687E-004  ,    2.5276920540039573E-002
   6.2400000000000002       ,    2.6078088544990188E-002  ,    3.6732237583070461E-002
   6.2599999999999998       ,    6.6565064606271818E-003  ,    3.9091856304430114E-002
   6.2800000000000002       ,    3.1113902891905052E-002  ,    3.2682611324916601E-002
   6.2999999999999998       ,    3.2720849441000448E-002  ,    1.9165526514829879E-002
   6.3200000000000003       ,    2.7891781938597926E-003  ,    1.4511395190320443E-003
   6.3399999999999999       ,    4.5088511903766809E-003  ,   -1.6654422267909082E-002
   6.3600000000000003       ,   -2.9822654780101165E-002  ,   -3.1048003893938646E-002
   6.3799999999999999       ,   -4.7192915037920211E-002  ,   -3.8076689541719645E-002
   6.4000000000000004       ,   -2.5499049272244008E-002  ,   -3.5283944331011438E-002
   6.4199999999999999       ,   -5.6099172217448229E-003  ,   -2.1985690295323296E-002
   6.4400000000000004       ,    1.2376956071490692E-002  ,    4.6883821227693937E-004
   6.4600000000000000       ,    2.3826886549413080E-002  ,    2.8833717820023683E-002
   6.4800000000000004       ,    5.6019598738805181E-002  ,    5.8495533248129152E-002
   6.5000000000000000       ,    2.8210764784892355E-002  ,    8.4300636035596371E-002
   6.5200000000000005       ,    7.7357872714333406E-002  ,   0.10151662601671943     
   6.5400000000000000       ,    7.5519216106239212E-002  ,   0.10673253797417302     
   6.5600000000000005       ,   0.14211126397073617       ,    9.8515574380262663E-002
   6.5800000000000001       ,    8.3563078557541290E-002  ,    7.7696336720136205E-002
   6.6000000000000005       ,    3.8499997063075130E-002  ,    4.7235022155348617E-002
   6.6200000000000001       ,    4.0925189301646694E-002  ,    1.1707850374662088E-002
   6.6400000000000006       ,   -2.1416439152185475E-002  ,   -2.3474204127581041E-002
   6.6600000000000001       ,   -5.2140204600115342E-002  ,   -5.2958650639948139E-002
   6.6799999999999997       ,   -7.1537701496197009E-002  ,   -7.2293142854604628E-002
   6.7000000000000002       ,   -6.1690530296981967E-002  ,   -7.8577398675106533E-002
   6.7199999999999998       ,   -7.7012501869760469E-002  ,   -7.0835785690995356E-002
   6.7400000000000002       ,   -6.5574140361197714E-002  ,   -5.0078945261299378E-002
   6.7599999999999998       ,   -2.9044975288065166E-002  ,   -1.9076815381022221E-002
   6.7800000000000002       ,    2.2397870238170872E-003  ,    1.8094178201227502E-002
   6.7999999999999998       ,    7.1971508437375570E-002  ,    5.6644328034035511E-002
   6.8200000000000003       ,    8.8200308255090981E-002  ,    9.1712936095681527E-002
   6.8399999999999999       ,   0.15737787518904872       ,   0.11897504947290037     
   6.8600000000000003       ,   0.10696486687404866       ,   0.13514216515042873     
   6.8799999999999999       ,    8.6557145662837481E-002  ,   0.13830428435992498     
   6.9000000000000004       ,   0.15698519238939670       ,   0.12808061554157682     
   6.9199999999999999       ,   0.10699294847119468       ,   0.10556830468422121     
   6.9400000000000004       ,    7.7224404167998417E-002  ,    7.3103182819429041E-002
   6.9600000000000000       ,    2.2700624192111711E-002  ,    3.3872628016924478E-002
   6.9800000000000004       ,   -2.5887329733196587E-002  ,   -8.5552138854787067E-003
   7.0000000000000000       ,   -2.1239872547383895E-002  ,   -5.0705040550974800E-002
   7.0200000000000005       ,   -9.2581871343612065E-002  ,   -8.9587205620866389E-002
   7.0400000000000000       ,  -0.12226812619812696       ,  -0.12294124415440069     
   7.0600000000000005       ,  -0.12975471508438680       ,  -0.14929461011378167     
   7.0800000000000001       ,  -0.18905867842452123       ,  -0.16784621957790649     
   7.1000000000000005       ,  -0.15746983892746219       ,  -0.17823081816303910     
   7.1200000000000001       ,  -0.16481610822144668       ,  -0.18025468642280579     
   7.1400000000000006       ,  -0.16464896865375156       ,  -0.17370394986576199     
   7.1600000000000001       ,  -0.15384109790460471       ,  -0.15830751703309182     
   7.1799999999999997       ,  -0.10842443772889987       ,  -0.13388962370772736     
   7.2000000000000002       ,   -7.7785126310815730E-002  ,  -0.10068326657450931     
   7.2199999999999998       ,   -3.9986452279562698E-002  ,   -5.9713238209942142E-002
   7.2400000000000002       ,   -4.6012089724210697E-002  ,   -1.3115661774172348E-002
   7.2599999999999998       ,    1.2758933210813596E-002  ,    3.5744537437538658E-002
   7.2800000000000002       ,    7.5717273104834379E-002  ,    8.2459617413978087E-002
   7.2999999999999998       ,   0.12712922706608534       ,   0.12209601533473820     
   7.3200000000000003       ,    9.6240151109400679E-002  ,   0.14997702768245649     
   7.3399999999999999       ,   0.17244457059075652       ,   0.16257906105580686     
   7.3600000000000003       ,   0.11711364171927510       ,   0.15833448516195178     
   7.3799999999999999       ,   0.13223686357998210       ,   0.13813019573321411     
   7.4000000000000004       ,   0.13845034324506764       ,   0.10534407420278742     
   7.4199999999999999       ,    4.5964153799099405E-002  ,    6.5362039629748334E-002
   7.4400000000000004       ,   -1.0170067542798478E-002  ,    2.4642765392894551E-002
   7.4600000000000000       ,    3.0582748260751882E-002  ,   -1.0486385054113723E-002
   7.4800000000000004       ,   -6.3083950560317584E-002  ,   -3.5041590210918613E-002
   7.5000000000000000       ,    1.4661652043436994E-002  ,   -4.6327236612389633E-002
   7.5200000000000005       ,   -3.8006370556737237E-002  ,   -4.4390991901515069E-002
   7.5400000000000000       ,   -2.8049461621140387E-002  ,   -3.1878559714698072E-002
   7.5600000000000005       ,   -4.9075016887341283E-002  ,   -1.3319390481526243E-002
   7.5800000000000001       ,    3.7462973880048669E-003  ,    5.9884025709702150E-003
   7.6000000000000005       ,   -2.3133979362367184E-002  ,    2.1228856744883156E-002
   7.6200000000000001       ,   -3.5276668911435834E-002  ,    2.9158121547501081E-002
